Date,Temperature,Humidity,Precipitation
2024-01-01,17.21,60.68,0.0
2024-01-02,14.71,72.9,1.17
2024-01-03,17.89,54.58,0.0
2024-01-04,21.43,74.84,5.15
2024-01-05,14.45,73.53,0.0
2024-01-06,14.5,71.77,1.66
2024-01-07,21.81,74.3,0.0
2024-01-08,18.61,81.2,0.0
2024-01-09,13.72,78.19,0.0
2024-01-10,17.83,53.5,0.0
2024-01-11,13.87,59.77,14.69
2024-01-12,13.93,64.98,0.0
2024-01-13,16.83,68.89,0.41
2024-01-14,8.28,76.67,0.17
2024-01-15,9.1,66.35,0.32
2024-01-16,13.83,71.52,0.0
2024-01-17,12.11,64.76,0.0
2024-01-18,17.5,63.48,24.38
2024-01-19,12.69,59.28,0.0
2024-01-20,10.76,64.02,0.0
2024-01-21,22.36,55.37,8.85
2024-01-22,15.69,61.38,6.17
2024-01-23,16.96,77.05,1.23
2024-01-24,11.09,63.67,0.0
2024-01-25,14.71,90.69,6.76
2024-01-26,17.43,72.35,0.0
2024-01-27,12.49,72.11,0.0
2024-01-28,18.7,60.97,2.79
2024-01-29,14.9,75.15,0.0
2024-01-30,16.25,64.33,0.0
2024-01-31,15.12,70.42,0.0
2024-02-01,25.05,85.46,15.97
2024-02-02,17.71,67.51,2.69
2024-02-03,13.65,79.3,0.98
2024-02-04,21.3,61.04,16.29
2024-02-05,13.25,70.01,0.0
2024-02-06,19.09,81.83,0.0
2024-02-07,10.54,66.49,0.0
2024-02-08,13.2,84.81,0.0
2024-02-09,19.43,73.17,0.0
2024-02-10,21.73,61.97,1.84
2024-02-11,19.6,72.49,0.0
2024-02-12,18.59,75.66,0.0
2024-02-13,17.99,73.13,0.0
2024-02-14,13.42,57.65,0.0
2024-02-15,,62.96,7.17
2024-02-16,17.78,66.27,0.0
2024-02-17,23.99,64.86,0.0
2024-02-18,21.29,71.64,2.76
2024-02-19,13.01,71.82,0.0
2024-02-20,21.51,55.89,0.0
2024-02-21,18.82,70.82,0.0
2024-02-22,17.81,73.12,2.55
2024-02-23,23.12,70.32,7.91
2024-02-24,24.95,73.67,3.72
2024-02-25,24.71,71.8,0.0
2024-02-26,17.79,71.92,0.3
2024-02-27,20.07,66.66,0.0
2024-02-28,22.79,52.71,0.0
2024-02-29,25.53,68.2,0.0
2024-03-01,19.87,68.97,0.0
2024-03-02,21.21,68.88,0.0
2024-03-03,17.69,58.08,1.39
2024-03-04,17.5,59.73,1.24
2024-03-05,25.7,73.11,0.0
2024-03-06,28.04,63.32,0.0
2024-03-07,22.49,71.58,0.0
2024-03-08,26.96,64.34,0.0
2024-03-09,24.56,65.43,0.81
2024-03-10,20.71,74.44,0.0
2024-03-11,24.9,60.92,17.63
2024-03-12,29.78,63.62,0.0
2024-03-13,23.65,,0.0
2024-03-14,30.23,59.17,0.0
2024-03-15,13.66,67.63,0.0
2024-03-16,27.6,65.61,0.0
2024-03-17,24.83,61.25,1.89
2024-03-18,23.46,75.74,0.0
2024-03-19,25.19,57.76,3.83
2024-03-20,17.05,67.08,0.0
2024-03-21,24.29,61.8,0.0
2024-03-22,26.77,75.78,0.0
2024-03-23,31.43,63.68,1.39
2024-03-24,23.61,73.88,0.0
2024-03-25,22.63,54.18,3.45
2024-03-26,24.02,67.58,0.0
2024-03-27,29.86,69.93,1.75
2024-03-28,27.69,64.45,0.0
2024-03-29,24.42,73.78,10.04
2024-03-30,28.77,59.17,5.87
2024-03-31,27.27,75.25,0.62
2024-04-01,30.93,80.72,0.0
2024-04-02,24.41,62.36,0.0
2024-04-03,26.08,60.95,0.0
2024-04-04,25.99,76.18,1.8
2024-04-05,21.87,79.05,0.0
2024-04-06,29.07,58.99,2.78
2024-04-07,29.09,59.8,0.0
2024-04-08,28.23,61.29,0.0
2024-04-09,27.44,53.15,0.0
2024-04-10,22.88,58.61,4.55
2024-04-11,27.01,56.06,3.3
2024-04-12,27.49,57.74,0.66
2024-04-13,25.81,64.36,0.0
2024-04-14,28.53,65.29,15.35
2024-04-15,30.94,74.73,4.37
2024-04-16,37.03,51.6,0.0
2024-04-17,30.33,70.47,6.2
2024-04-18,30.82,60.67,15.5
2024-04-19,29.64,62.52,4.94
2024-04-20,22.41,71.56,2.89
2024-04-21,30.13,53.71,0.0
2024-04-22,30.62,65.53,0.0
2024-04-23,40.38,59.41,8.63
2024-04-24,29.9,66.74,0.0
2024-04-25,32.01,64.16,2.15
2024-04-26,30.81,82.03,7.16
2024-04-27,26.41,59.26,10.57
2024-04-28,35.79,55.9,3.1
2024-04-29,34.36,55.8,0.0
2024-04-30,34.65,56.21,
2024-05-01,27.98,58.56,0.0
2024-05-02,37.36,68.95,0.0
2024-05-03,26.26,75.8,0.0
2024-05-04,34.34,56.23,0.0
2024-05-05,40.88,51.2,8.77
2024-05-06,28.27,67.3,8.88
2024-05-07,30.09,58.29,0.0
2024-05-08,32.87,66.52,0.0
2024-05-09,30.57,64.12,6.59
2024-05-10,26.49,52.2,0.0
2024-05-11,33.08,73.75,0.0
2024-05-12,28.66,77.72,0.0
2024-05-13,34.91,55.64,3.24
2024-05-14,29.44,59.9,0.0
2024-05-15,39.41,60.8,5.29
2024-05-16,30.18,65.35,0.0
2024-05-17,32.12,67.07,0.0
2024-05-18,36.75,75.79,0.0
2024-05-19,28.66,61.94,0.0
2024-05-20,34.58,54.3,4.89
2024-05-21,38.99,47.67,1.58
2024-05-22,27.41,58.07,0.12
2024-05-23,34.66,60.39,2.48
2024-05-24,35.04,74.84,9.03
2024-05-25,37.2,55.37,1.14
2024-05-26,29.19,64.9,5.32
2024-05-27,28.93,63.1,0.0
2024-05-28,36.36,69.39,0.0
2024-05-29,35.53,80.48,0.0
2024-05-30,35.4,56.07,1.39
2024-05-31,35.84,56.21,0.0
2024-06-01,31.79,70.3,0.0
2024-06-02,35.49,65.73,6.45
2024-06-03,35.78,74.92,6.51
2024-06-04,31.8,66.61,26.19
2024-06-05,42.16,54.4,0.0
2024-06-06,36.64,64.49,2.31
2024-06-07,30.01,71.61,0.0
2024-06-08,37.44,65.97,0.0
2024-06-09,30.95,66.38,0.0
2024-06-10,38.02,67.67,0.0
2024-06-11,39.53,67.81,0.0
2024-06-12,31.64,73.07,12.41
2024-06-13,38.8,63.98,0.0
2024-06-14,36.61,58.44,3.09
2024-06-15,38.26,60.21,0.0
2024-06-16,42.57,66.74,0.0
2024-06-17,34.01,54.41,0.0
2024-06-18,31.98,64.81,0.0
2024-06-19,31.44,58.95,9.28
2024-06-20,31.74,62.2,0.0
2024-06-21,34.69,70.87,0.0
2024-06-22,36.35,61.42,0.0
2024-06-23,36.09,60.38,0.0
2024-06-24,38.28,48.15,4.57
2024-06-25,35.0,66.47,0.0
2024-06-26,40.75,63.08,2.18
2024-06-27,33.85,78.32,1.56
2024-06-28,45.77,53.19,7.58
2024-06-29,37.36,61.19,2.83
2024-06-30,31.4,64.11,8.15
2024-07-01,30.51,75.14,1.81
2024-07-02,36.69,58.98,4.03
2024-07-03,33.83,63.26,0.0
2024-07-04,37.54,64.22,0.0
2024-07-05,36.53,61.31,0.0
2024-07-06,,57.25,12.78
2024-07-07,31.15,63.79,1.94
2024-07-08,28.42,72.05,0.0
2024-07-09,32.64,53.35,2.88
2024-07-10,37.79,60.31,0.0
2024-07-11,35.16,54.83,0.0
2024-07-12,29.26,72.64,4.29
2024-07-13,34.87,48.37,0.0
2024-07-14,35.65,55.74,0.0
2024-07-15,30.5,65.54,1.37
2024-07-16,34.57,73.22,0.21
2024-07-17,34.11,60.37,0.0
2024-07-18,29.23,58.66,6.97
2024-07-19,35.15,75.48,0.0
2024-07-20,35.87,48.52,0.0
2024-07-21,37.88,41.62,0.0
2024-07-22,37.67,62.82,0.78
2024-07-23,27.85,59.7,0.0
2024-07-24,29.51,54.8,5.62
2024-07-25,35.23,66.07,0.15
2024-07-26,35.12,62.4,1.47
2024-07-27,35.02,55.98,0.0
2024-07-28,48.27,44.29,7.26
2024-07-29,35.03,67.47,0.0
2024-07-30,37.18,64.72,0.0
2024-07-31,36.34,59.1,0.0
2024-08-01,35.02,75.27,0.0
2024-08-02,31.03,53.72,0.42
2024-08-03,35.21,48.2,0.0
2024-08-04,28.96,57.68,0.0
2024-08-05,30.99,61.94,0.66
2024-08-06,29.87,64.76,0.0
2024-08-07,32.01,59.92,2.01
2024-08-08,40.81,60.7,0.0
2024-08-09,23.95,55.46,1.98
2024-08-10,34.03,72.49,0.77
2024-08-11,24.7,64.48,0.0
2024-08-12,29.13,72.08,0.0
2024-08-13,35.23,63.14,0.0
2024-08-14,30.99,65.96,4.39
2024-08-15,26.28,68.98,0.0
2024-08-16,27.59,67.42,0.0
2024-08-17,33.03,66.53,0.0
2024-08-18,27.24,74.63,0.0
2024-08-19,30.88,63.93,0.0
2024-08-20,30.05,68.4,10.34
2024-08-21,27.11,63.33,0.0
2024-08-22,38.13,70.61,0.0
2024-08-23,31.94,56.47,0.14
2024-08-24,21.15,81.14,2.76
2024-08-25,29.84,62.5,0.0
2024-08-26,26.29,52.97,0.0
2024-08-27,32.19,62.79,0.0
2024-08-28,25.45,59.35,0.56
2024-08-29,28.0,70.38,0.0
2024-08-30,30.31,57.39,4.55
2024-08-31,31.59,58.46,15.11
2024-09-01,23.17,50.71,0.0
2024-09-02,26.46,60.72,0.0
2024-09-03,25.74,45.28,0.0
2024-09-04,24.86,52.39,0.0
2024-09-05,34.36,66.87,0.0
2024-09-06,28.76,69.6,9.0
2024-09-07,21.92,69.79,6.44
2024-09-08,30.47,54.8,1.41
2024-09-09,35.12,60.07,2.56
2024-09-10,30.59,62.46,0.0
2024-09-11,20.21,57.89,0.0
2024-09-12,24.18,77.4,0.0
2024-09-13,31.01,69.31,2.76
2024-09-14,22.94,64.16,2.99
2024-09-15,27.38,64.15,8.71
2024-09-16,28.53,65.08,0.0
2024-09-17,21.55,50.22,0.0
2024-09-18,24.85,63.09,2.15
2024-09-19,11.95,65.42,0.0
2024-09-20,20.64,58.95,1.09
2024-09-21,23.56,63.4,1.49
2024-09-22,19.41,,1.83
2024-09-23,30.76,67.54,0.0
2024-09-24,18.33,63.43,0.0
2024-09-25,22.12,70.88,0.0
2024-09-26,24.24,76.54,0.0
2024-09-27,29.31,70.46,0.0
2024-09-28,17.63,68.79,1.32
2024-09-29,27.85,58.54,4.32
2024-09-30,23.07,71.45,0.0
2024-10-01,18.94,70.88,0.0
2024-10-02,24.55,72.37,0.0
2024-10-03,23.33,70.83,0.0
2024-10-04,19.96,75.66,3.58
2024-10-05,22.48,61.85,0.0
2024-10-06,20.49,77.57,0.0
2024-10-07,22.32,67.79,0.0
2024-10-08,24.35,81.89,2.9
2024-10-09,27.89,58.19,1.44
2024-10-10,16.43,82.74,0.0
2024-10-11,29.76,64.44,0.0
2024-10-12,13.26,65.07,2.53
2024-10-13,20.3,63.24,6.4
2024-10-14,23.1,63.29,0.0
2024-10-15,21.72,69.87,3.55
2024-10-16,17.95,72.36,1.16
2024-10-17,19.46,62.91,4.87
2024-10-18,18.17,67.88,19.66
2024-10-19,17.63,85.45,0.54
2024-10-20,23.24,79.61,0.0
2024-10-21,21.12,70.24,7.27
2024-10-22,16.78,69.0,0.0
2024-10-23,23.0,66.86,11.48
2024-10-24,20.49,71.94,0.0
2024-10-25,22.37,58.0,7.95
2024-10-26,21.5,64.51,4.87
2024-10-27,15.53,55.91,0.0
2024-10-28,16.47,72.03,1.62
2024-10-29,21.57,71.72,0.0
2024-10-30,20.89,62.98,1.15
2024-10-31,18.24,80.64,0.0
2024-11-01,18.66,58.05,0.0
2024-11-02,23.18,54.1,1.95
2024-11-03,15.58,71.04,0.0
2024-11-04,20.01,75.62,8.31
2024-11-05,16.9,82.12,0.0
2024-11-06,16.72,65.06,0.0
2024-11-07,21.87,75.04,0.0
2024-11-08,20.66,66.64,1.23
2024-11-09,20.51,65.64,0.0
2024-11-10,22.37,73.25,0.0
2024-11-11,17.12,73.76,0.0
2024-11-12,19.66,54.79,0.0
2024-11-13,15.59,81.05,3.53
2024-11-14,18.03,79.18,1.79
2024-11-15,16.12,63.99,0.0
2024-11-16,16.94,71.8,2.04
2024-11-17,18.84,71.73,0.0
2024-11-18,13.1,72.44,6.34
2024-11-19,24.65,60.75,0.72
2024-11-20,12.18,65.4,6.61
2024-11-21,11.26,70.98,0.0
2024-11-22,20.67,76.33,5.07
2024-11-23,19.13,71.99,0.0
2024-11-24,18.39,65.01,0.66
2024-11-25,18.34,74.17,0.0
2024-11-26,15.71,46.39,2.38
2024-11-27,12.1,79.99,6.23
2024-11-28,15.93,55.16,3.62
2024-11-29,12.86,67.56,0.0
2024-11-30,19.42,58.56,2.68
2024-12-01,14.87,59.2,0.0
2024-12-02,12.11,80.09,22.45
2024-12-03,14.08,66.17,0.0
2024-12-04,16.97,71.38,0.0
2024-12-05,13.02,70.01,0.0
2024-12-06,11.95,74.69,0.0
2024-12-07,16.18,69.58,0.0
2024-12-08,16.15,58.72,0.0
2024-12-09,13.11,78.32,0.0
2024-12-10,13.23,66.35,3.86
2024-12-11,16.02,56.59,13.03
2024-12-12,9.28,68.65,0.0
2024-12-13,9.42,84.02,0.0
2024-12-14,12.16,77.58,0.0
2024-12-15,14.17,67.09,0.0
2024-12-16,16.25,66.14,
2024-12-17,20.91,64.27,1.21
2024-12-18,18.43,84.57,0.0
2024-12-19,14.36,72.84,0.0
2024-12-20,14.93,72.97,0.0
2024-12-21,11.0,79.54,4.4
2024-12-22,14.94,71.44,0.57
2024-12-23,13.87,67.94,0.0
2024-12-24,16.33,67.33,0.0
2024-12-25,11.75,70.39,5.99
2024-12-26,17.16,68.23,5.67
2024-12-27,21.23,72.52,0.0
2024-12-28,14.69,70.05,0.0
2024-12-29,16.76,74.57,0.0
2024-12-30,17.95,67.53,8.6
2024-12-31,13.62,70.75,0.0
2025-01-01,16.12,53.01,0.0
2025-01-02,15.31,76.69,0.26
2025-01-03,15.69,71.96,0.0
2025-01-04,12.25,78.72,2.81
2025-01-05,15.49,46.11,0.0
2025-01-06,17.43,85.11,0.0
2025-01-07,21.29,65.55,12.89
2025-01-08,19.38,76.39,0.0
2025-01-09,24.21,57.03,2.57
2025-01-10,12.59,75.49,0.0
2025-01-11,19.21,59.18,0.0
2025-01-12,16.52,63.82,0.27
2025-01-13,24.62,80.48,0.0
2025-01-14,12.7,69.01,4.22
2025-01-15,12.64,72.3,0.0
2025-01-16,13.68,77.05,0.0
2025-01-17,7.66,76.77,0.0
2025-01-18,14.14,71.09,0.0
2025-01-19,13.29,73.19,2.8
2025-01-20,17.01,87.82,0.99
2025-01-21,17.87,67.75,0.0
2025-01-22,24.1,67.01,0.0
2025-01-23,20.49,75.43,3.46
2025-01-24,14.48,78.58,0.58
2025-01-25,13.29,79.77,0.0
2025-01-26,18.95,72.83,0.0
2025-01-27,11.81,61.79,0.0
2025-01-28,24.52,78.28,18.64
2025-01-29,22.02,57.17,0.0
2025-01-30,15.54,71.68,0.0
2025-01-31,10.68,65.41,2.83
2025-02-01,23.06,65.36,0.0
2025-02-02,17.31,71.09,0.0
2025-02-03,22.83,68.55,0.0
2025-02-04,11.63,74.39,0.0
2025-02-05,15.73,82.08,0.0
2025-02-06,18.28,71.65,0.0
2025-02-07,18.57,65.94,0.0
2025-02-08,16.71,76.44,2.16
2025-02-09,21.14,76.25,6.7
2025-02-10,14.51,59.9,17.26
2025-02-11,18.35,72.77,0.0
2025-02-12,19.53,73.07,0.0
2025-02-13,21.25,64.31,0.0
2025-02-14,22.18,77.27,0.0
2025-02-15,14.98,68.31,0.0
2025-02-16,,71.19,0.38
2025-02-17,24.88,63.67,0.0
2025-02-18,21.24,66.82,0.0
2025-02-19,17.07,59.8,0.0
2025-02-20,26.42,52.84,4.26
2025-02-21,20.83,79.63,0.0
2025-02-22,25.23,58.12,0.81
2025-02-23,20.94,58.89,0.0
2025-02-24,29.07,45.94,4.8
2025-02-25,28.01,58.54,4.93
2025-02-26,20.15,56.6,0.0
2025-02-27,25.19,78.05,0.0
2025-02-28,24.04,73.51,0.0
2025-03-01,27.1,58.55,0.0
2025-03-02,17.93,86.2,0.79
2025-03-03,24.69,72.99,6.66
2025-03-04,26.35,61.79,0.71
2025-03-05,15.25,49.39,0.19
2025-03-06,17.71,86.61,0.0
2025-03-07,14.46,58.63,0.0
2025-03-08,21.7,53.32,5.49
2025-03-09,25.82,72.81,0.0
2025-03-10,29.13,82.66,11.92
2025-03-11,23.58,76.71,0.0
2025-03-12,29.97,67.27,0.0
2025-03-13,18.11,72.86,5.27
2025-03-14,16.98,75.43,0.0
2025-03-15,23.75,71.64,6.5
2025-03-16,25.68,66.95,0.34
2025-03-17,24.18,66.2,2.22
2025-03-18,16.21,68.45,4.48
2025-03-19,24.3,59.28,6.25
2025-03-20,19.61,65.18,2.83
2025-03-21,27.68,50.25,0.0
2025-03-22,26.64,63.48,0.0
2025-03-23,21.58,58.63,6.58
2025-03-24,23.46,56.86,0.0
2025-03-25,21.45,68.04,0.0
2025-03-26,25.61,75.86,0.0
2025-03-27,29.85,70.16,7.25
2025-03-28,22.26,53.67,3.45
2025-03-29,28.39,55.56,0.0
2025-03-30,24.42,72.79,6.76
2025-03-31,23.54,57.8,7.69
2025-04-01,26.45,62.55,0.33
2025-04-02,22.91,70.34,2.3
2025-04-03,25.0,57.25,5.69
2025-04-04,22.6,66.93,0.0
2025-04-05,35.41,49.64,6.77
2025-04-06,27.86,58.9,0.0
2025-04-07,25.09,67.52,0.04
2025-04-08,28.91,50.5,9.37
2025-04-09,27.76,67.28,0.0
2025-04-10,27.49,63.72,0.0
2025-04-11,30.99,66.72,9.1
2025-04-12,31.73,63.76,0.0
2025-04-13,26.73,75.13,10.22
2025-04-14,26.71,65.23,0.0
2025-04-15,28.07,60.18,0.0
2025-04-16,20.12,68.17,4.03
2025-04-17,23.42,70.06,0.87
2025-04-18,35.1,60.84,0.48
2025-04-19,36.37,60.21,0.0
2025-04-20,28.94,57.61,12.89
2025-04-21,32.39,56.37,1.83
2025-04-22,31.48,50.86,0.2
2025-04-23,42.7,71.03,2.92
2025-04-24,35.0,50.55,1.8
2025-04-25,30.16,57.14,0.0
2025-04-26,26.99,58.36,0.0
2025-04-27,24.52,72.37,2.14
2025-04-28,31.9,59.54,0.0
2025-04-29,28.2,73.54,4.91
2025-04-30,25.67,59.31,0.0
2025-05-01,28.9,65.48,2.68
2025-05-02,27.29,57.29,1.04
2025-05-03,38.49,76.09,0.0
2025-05-04,35.4,50.82,0.0
2025-05-05,31.96,64.35,0.0
2025-05-06,38.04,64.2,0.39
2025-05-07,32.55,64.91,4.3
2025-05-08,28.91,61.76,0.0
2025-05-09,38.56,57.86,1.8
2025-05-10,34.74,60.97,0.0
2025-05-11,28.55,62.23,0.0
2025-05-12,32.04,69.54,7.57
2025-05-13,29.41,80.7,0.0
2025-05-14,27.48,59.42,0.0
2025-05-15,36.82,48.72,0.0
2025-05-16,40.85,57.16,0.0
2025-05-17,27.72,84.41,0.0
2025-05-18,35.66,53.77,0.0
2025-05-19,30.9,75.46,9.01
2025-05-20,31.64,75.43,0.0
2025-05-21,31.3,57.73,0.0
2025-05-22,30.3,67.17,0.0
2025-05-23,34.03,73.96,0.0
2025-05-24,30.6,59.45,2.37
2025-05-25,35.08,58.84,3.38
2025-05-26,33.87,56.36,0.0
2025-05-27,33.19,53.2,3.0
2025-05-28,30.58,57.3,7.54
2025-05-29,31.97,52.07,14.92
2025-05-30,37.36,59.71,0.0
2025-05-31,36.4,53.71,0.0
2025-06-01,30.55,64.37,0.0
2025-06-02,34.91,48.09,1.29
2025-06-03,37.57,61.99,0.0
2025-06-04,27.93,70.35,3.22
2025-06-05,36.83,43.73,0.0
2025-06-06,32.05,64.82,0.0
2025-06-07,37.02,69.41,4.44
2025-06-08,31.73,52.3,0.0
2025-06-09,27.59,77.21,0.0
2025-06-10,28.33,66.85,5.59
2025-06-11,35.07,54.83,0.6
2025-06-12,35.94,59.63,1.33
2025-06-13,31.3,66.63,3.61
2025-06-14,37.5,59.98,9.19
2025-06-15,28.31,67.82,21.82
2025-06-16,34.71,53.27,0.0
2025-06-17,30.14,64.04,0.0
2025-06-18,32.39,50.37,0.0
2025-06-19,35.19,59.53,0.0
2025-06-20,31.56,54.82,1.32
2025-06-21,33.46,55.31,1.8
2025-06-22,39.02,68.58,7.75
2025-06-23,32.68,70.27,0.0
2025-06-24,38.32,63.88,0.11
2025-06-25,30.45,53.81,0.0
2025-06-26,37.07,57.04,12.1
2025-06-27,40.7,67.64,2.53
2025-06-28,25.02,66.12,0.0
2025-06-29,31.7,80.54,0.0
2025-06-30,37.17,62.67,0.0
2025-07-01,34.02,62.48,2.37
2025-07-02,36.28,57.45,1.65
2025-07-03,32.34,62.76,30.13
2025-07-04,35.07,59.25,0.0
2025-07-05,34.06,66.59,0.0
2025-07-06,39.31,66.22,5.93
2025-07-07,35.6,53.94,3.02
2025-07-08,35.89,49.45,0.0
2025-07-09,32.84,46.78,0.0
2025-07-10,32.48,65.7,1.16
2025-07-11,32.64,52.74,0.0
2025-07-12,35.89,42.88,0.0
2025-07-13,32.56,64.71,0.0
2025-07-14,35.33,80.29,0.0
2025-07-15,42.41,57.12,5.55
2025-07-16,37.52,66.07,1.03
2025-07-17,32.65,62.21,2.13
2025-07-18,38.69,58.05,0.0
2025-07-19,32.17,69.13,0.0
2025-07-20,25.56,62.42,0.0
2025-07-21,29.6,65.07,0.0
2025-07-22,26.06,67.1,0.57
2025-07-23,32.05,56.48,0.0
2025-07-24,33.43,69.14,0.0
2025-07-25,39.97,56.86,0.0
2025-07-26,34.47,54.69,0.0
2025-07-27,32.19,66.06,0.0
2025-07-28,36.28,52.74,0.0
2025-07-29,24.01,65.67,16.14
2025-07-30,33.69,61.02,0.0
2025-07-31,35.72,68.86,0.0
2025-08-01,26.61,68.07,0.9
2025-08-02,36.99,59.41,3.8
2025-08-03,33.65,67.65,1.09
2025-08-04,30.52,73.64,2.16
2025-08-05,34.59,65.15,0.0
2025-08-06,41.02,57.88,0.0
2025-08-07,32.54,51.11,0.0
2025-08-08,32.67,53.03,3.28
2025-08-09,29.71,60.44,25.25
2025-08-10,28.02,58.76,0.0
2025-08-11,34.61,59.18,0.0
2025-08-12,27.73,64.23,15.0
2025-08-13,31.3,66.4,0.0
2025-08-14,28.97,62.65,10.31
2025-08-15,32.65,65.45,0.51
2025-08-16,31.93,62.4,2.76
2025-08-17,34.6,44.88,1.26
2025-08-18,28.27,56.02,3.24
2025-08-19,29.08,62.01,0.0
2025-08-20,26.1,54.83,3.69
2025-08-21,28.09,68.41,7.68
2025-08-22,31.22,74.45,0.0
2025-08-23,32.59,71.34,0.0
2025-08-24,25.72,,0.0
2025-08-25,32.73,73.45,0.0
2025-08-26,34.52,61.91,6.32
2025-08-27,30.59,59.79,1.62
2025-08-28,36.28,55.01,0.0
2025-08-29,25.52,62.35,0.0
2025-08-30,23.48,62.58,10.71
2025-08-31,21.18,68.08,0.0
2025-09-01,34.12,62.18,0.0
2025-09-02,30.58,62.51,6.21
2025-09-03,27.58,67.33,0.0
2025-09-04,28.76,72.83,0.0
2025-09-05,22.97,73.51,0.0
2025-09-06,37.09,47.68,0.0
2025-09-07,27.65,43.38,11.82
2025-09-08,27.4,71.39,0.0
2025-09-09,29.7,51.95,0.0
2025-09-10,28.55,61.6,4.69
2025-09-11,27.35,54.58,5.49
2025-09-12,23.13,51.43,0.0
2025-09-13,28.0,67.98,0.0
2025-09-14,33.47,67.26,0.87
2025-09-15,31.16,57.62,0.0
2025-09-16,31.97,41.13,0.0
2025-09-17,23.39,61.36,1.56
2025-09-18,21.3,69.8,2.26
2025-09-19,24.58,53.36,0.42
2025-09-20,25.14,66.41,1.07
2025-09-21,29.12,63.02,12.76
2025-09-22,17.8,72.87,0.0
2025-09-23,30.52,63.47,7.72
2025-09-24,23.59,57.85,0.0
2025-09-25,22.35,75.77,0.0
2025-09-26,19.83,66.06,6.2
2025-09-27,17.09,68.34,1.0
2025-09-28,26.83,56.71,0.0
2025-09-29,23.67,62.05,0.6
2025-09-30,18.04,61.05,0.0
2025-10-01,17.85,66.83,0.0
2025-10-02,21.52,80.26,0.0
2025-10-03,29.37,52.06,0.09
2025-10-04,21.49,53.67,4.94
2025-10-05,16.35,80.66,0.0
2025-10-06,21.21,65.03,6.66
2025-10-07,20.94,61.47,0.0
2025-10-08,11.08,79.58,4.87
2025-10-09,21.49,61.74,0.0
2025-10-10,20.62,81.58,0.0
2025-10-11,24.17,70.8,6.28
2025-10-12,28.62,59.47,0.0
2025-10-13,25.57,82.0,0.0
2025-10-14,19.83,62.48,4.86
2025-10-15,16.32,74.84,12.0
2025-10-16,30.89,64.74,0.0
2025-10-17,20.68,77.36,0.0
2025-10-18,20.34,79.59,0.0
2025-10-19,20.04,67.49,0.0
2025-10-20,20.78,60.87,0.0
2025-10-21,19.26,71.26,2.32
2025-10-22,17.4,63.0,13.16
2025-10-23,17.36,84.55,0.0
2025-10-24,19.27,68.67,0.0
2025-10-25,17.09,65.64,0.0
2025-10-26,16.27,70.41,0.0
2025-10-27,19.41,56.74,7.92
2025-10-28,17.83,60.45,0.0
2025-10-29,24.73,74.73,0.0
2025-10-30,7.98,67.41,17.11
2025-10-31,22.81,57.61,0.0
2025-11-01,23.3,70.06,1.37
2025-11-02,9.9,81.28,0.0
2025-11-03,16.7,74.49,6.01
2025-11-04,16.46,76.81,1.11
2025-11-05,12.19,64.71,2.36
2025-11-06,14.59,58.31,4.9
2025-11-07,13.15,82.35,0.0
2025-11-08,24.48,62.65,0.0
2025-11-09,21.1,64.75,3.63
2025-11-10,22.34,76.82,5.99
2025-11-11,20.03,71.69,0.0
2025-11-12,12.52,74.26,0.0
2025-11-13,14.84,86.89,0.0
2025-11-14,18.79,62.65,0.0
2025-11-15,11.85,78.34,0.0
2025-11-16,19.49,67.93,2.04
2025-11-17,15.59,71.38,0.0
2025-11-18,14.96,81.75,0.0
2025-11-19,19.21,71.67,6.38
2025-11-20,18.06,72.43,1.25
2025-11-21,14.76,78.19,
2025-11-22,20.76,63.99,7.51
2025-11-23,11.72,64.26,0.0
2025-11-24,18.43,59.6,2.79
2025-11-25,18.27,52.3,0.0
2025-11-26,14.59,86.14,0.0
2025-11-27,17.06,59.75,2.85
2025-11-28,10.69,69.67,0.31
2025-11-29,19.33,65.34,0.0
2025-11-30,14.83,72.03,0.0
2025-12-01,13.43,76.73,0.0
2025-12-02,19.66,74.29,0.0
2025-12-03,12.6,65.92,0.0
2025-12-04,9.73,70.53,0.85
2025-12-05,9.09,74.42,0.0
2025-12-06,17.7,66.29,0.53
2025-12-07,10.12,84.56,6.19
2025-12-08,22.22,70.18,1.78
2025-12-09,6.84,79.05,3.35
2025-12-10,21.93,71.69,0.0
2025-12-11,15.96,78.46,0.0
2025-12-12,14.7,71.08,4.71
2025-12-13,12.89,60.08,4.94
2025-12-14,16.65,71.96,0.91
2025-12-15,14.88,64.34,0.0
2025-12-16,19.43,63.28,1.2
2025-12-17,15.47,73.98,0.0
2025-12-18,15.61,79.13,1.6
2025-12-19,13.55,70.32,15.75
2025-12-20,14.77,72.07,0.0
2025-12-21,16.23,82.56,5.15
2025-12-22,8.17,74.5,0.0
2025-12-23,9.62,92.73,0.0
2025-12-24,18.0,72.67,0.0
2025-12-25,15.72,55.09,14.47
2025-12-26,14.32,75.83,8.35
2025-12-27,15.15,72.48,2.27
2025-12-28,16.49,79.15,0.0
2025-12-29,12.97,75.8,2.54
2025-12-30,12.04,69.72,16.49
2025-12-31,15.97,59.27,0.0
2024-02-20,21.51,55.89,0.0
2024-09-07,21.92,69.79,6.44
2025-05-15,36.82,48.72,0.0
